               epoch,      train/box_loss,      train/obj_loss,      train/cls_loss,   metrics/precision,      metrics/recall,     metrics/mAP_0.5,metrics/mAP_0.5:0.95,        val/box_loss,        val/obj_loss,        val/cls_loss,               x/lr0,               x/lr1,               x/lr2
                   0,             0.11719,            0.029284,            0.052343,           0.0010586,             0.27812,          0.00094497,          0.00025092,            0.064812,            0.017567,             0.03197,              0.0919,              0.0009,              0.0009
                   1,            0.092333,            0.028244,            0.045374,           0.0019443,             0.39741,           0.0034883,          0.00072242,            0.058881,            0.013787,            0.030444,            0.082898,           0.0018981,           0.0018981
                   2,            0.070549,            0.027395,            0.037924,           0.0029333,             0.83748,            0.025424,           0.0046795,            0.046828,            0.011954,            0.030383,            0.073894,           0.0028943,           0.0028943
                   3,             0.06136,            0.026078,            0.032744,            0.052574,              0.2554,            0.056473,            0.014509,            0.038104,            0.010869,            0.030334,            0.064888,           0.0038884,           0.0038884
                   4,            0.054809,            0.022475,            0.034217,            0.060128,             0.38497,            0.085551,            0.024714,            0.037978,           0.0090351,            0.031641,            0.055881,           0.0048806,           0.0048806
                   5,            0.053456,            0.020718,            0.034325,             0.12604,             0.41008,             0.18216,            0.068129,             0.03468,           0.0094585,            0.030359,            0.046871,           0.0058708,           0.0058708
                   6,            0.051749,            0.018586,            0.034759,             0.18921,             0.24201,              0.1341,            0.046051,            0.037049,           0.0078793,            0.028101,            0.037859,            0.006859,            0.006859
                   7,            0.051722,            0.018369,             0.03472,             0.20453,             0.47886,             0.21255,            0.071111,            0.033771,           0.0073442,            0.027222,            0.028845,           0.0078453,           0.0078453
                   8,            0.049551,            0.016352,            0.031318,             0.21743,             0.45949,             0.27894,             0.10224,            0.031049,           0.0062943,            0.026758,             0.01983,           0.0088295,           0.0088295
                   9,            0.048548,             0.01494,            0.030945,             0.23391,             0.40151,             0.26099,            0.093305,            0.038995,           0.0070355,            0.031775,            0.010812,           0.0098118,           0.0098118
                  10,            0.048491,            0.014561,            0.028023,             0.16489,             0.47777,             0.22476,            0.081803,            0.036629,           0.0076933,            0.029639,            0.009901,            0.009901,            0.009901
                  11,             0.04502,            0.013771,            0.030325,             0.16493,             0.51286,             0.24779,            0.068715,            0.033406,            0.009758,            0.028235,            0.009901,            0.009901,            0.009901
                  12,            0.043888,            0.014828,            0.026053,             0.32295,             0.54569,             0.38923,             0.18405,            0.025483,           0.0067012,            0.028979,           0.0098911,           0.0098911,           0.0098911
                  13,            0.042302,             0.01381,            0.024298,             0.19125,             0.40999,             0.26398,             0.13105,             0.03238,            0.008966,            0.047839,           0.0098812,           0.0098812,           0.0098812
                  14,            0.041448,             0.01356,            0.026712,             0.24626,             0.60284,             0.33303,             0.12936,            0.029448,           0.0075438,            0.027771,           0.0098713,           0.0098713,           0.0098713
                  15,             0.04237,            0.013162,            0.025739,             0.33854,             0.53778,             0.39511,             0.20724,             0.02182,           0.0059292,            0.027222,           0.0098614,           0.0098614,           0.0098614
                  16,             0.04026,            0.013075,            0.023527,             0.23666,             0.50502,             0.35463,             0.12118,            0.029782,           0.0070126,            0.033264,           0.0098515,           0.0098515,           0.0098515
                  17,            0.038159,            0.013193,            0.025073,             0.28893,              0.6306,              0.3299,              0.1352,            0.028058,           0.0065157,            0.039709,           0.0098416,           0.0098416,           0.0098416
                  18,            0.038288,            0.012142,            0.025421,             0.25416,             0.55933,             0.39417,             0.16398,            0.027722,           0.0074034,            0.029846,           0.0098317,           0.0098317,           0.0098317
                  19,            0.038435,            0.012764,            0.025525,             0.29083,             0.57016,              0.3085,             0.11699,            0.033226,           0.0071807,            0.032544,           0.0098218,           0.0098218,           0.0098218
                  20,            0.038265,            0.012956,            0.023339,             0.12927,             0.14345,            0.085895,            0.021678,            0.053188,           0.0086231,            0.031421,           0.0098119,           0.0098119,           0.0098119
                  21,            0.036751,            0.012784,            0.022851,             0.37128,             0.59744,             0.42376,             0.16458,            0.030219,           0.0062525,            0.031311,            0.009802,            0.009802,            0.009802
                  22,             0.03614,            0.012721,            0.019873,             0.40027,             0.49932,             0.38805,             0.16329,             0.02554,           0.0061467,            0.031311,           0.0097921,           0.0097921,           0.0097921
                  23,            0.035753,             0.01301,            0.020197,             0.29945,             0.54015,             0.34245,             0.18867,            0.021863,           0.0060892,            0.044995,           0.0097822,           0.0097822,           0.0097822
                  24,            0.033909,            0.012064,            0.023397,             0.33627,              0.5871,             0.40237,             0.18845,            0.025353,            0.005825,            0.028491,           0.0097723,           0.0097723,           0.0097723
                  25,            0.035246,            0.012479,             0.02153,             0.34286,             0.45285,             0.35279,             0.15841,            0.026354,            0.007165,            0.029834,           0.0097624,           0.0097624,           0.0097624
                  26,             0.03416,            0.011965,            0.018909,             0.26446,             0.36984,             0.28096,             0.14759,            0.025276,           0.0085933,            0.028784,           0.0097525,           0.0097525,           0.0097525
                  27,            0.034516,            0.011957,            0.019443,             0.43969,             0.53211,             0.43433,             0.20468,            0.024389,           0.0069678,            0.024341,           0.0097426,           0.0097426,           0.0097426
                  28,            0.034841,            0.011925,            0.020791,             0.31556,             0.30007,             0.20081,             0.04877,            0.037723,           0.0075886,            0.040063,           0.0097327,           0.0097327,           0.0097327
                  29,            0.035656,            0.012316,            0.021523,             0.49424,             0.56348,             0.52866,             0.26187,            0.024516,           0.0064774,            0.025031,           0.0097228,           0.0097228,           0.0097228
                  30,            0.034202,            0.012088,            0.020019,             0.42994,             0.66338,             0.50027,             0.25133,            0.024952,           0.0059526,            0.024762,           0.0097129,           0.0097129,           0.0097129
                  31,            0.035227,            0.012216,            0.017979,             0.45914,             0.47627,             0.44568,             0.26446,            0.020591,            0.005847,            0.037097,            0.009703,            0.009703,            0.009703
                  32,             0.03317,            0.012142,            0.017409,             0.47819,             0.62873,             0.53571,             0.29885,            0.021219,           0.0060923,            0.025964,           0.0096931,           0.0096931,           0.0096931
                  33,            0.032694,            0.012137,            0.016298,             0.45915,             0.48734,             0.44836,             0.21739,            0.025236,           0.0055473,            0.044568,           0.0096832,           0.0096832,           0.0096832
                  34,            0.032086,            0.011379,            0.016091,             0.38341,             0.62234,             0.58117,             0.27601,             0.02455,           0.0057969,            0.029236,           0.0096733,           0.0096733,           0.0096733
                  35,            0.032609,            0.011406,            0.017354,             0.46561,             0.54694,             0.52001,             0.25675,            0.023301,            0.005569,             0.03595,           0.0096634,           0.0096634,           0.0096634
                  36,            0.032563,            0.011789,             0.01529,             0.46975,             0.50878,             0.53389,             0.24382,            0.024463,           0.0058985,            0.035022,           0.0096535,           0.0096535,           0.0096535
                  37,            0.032789,            0.011179,             0.01539,              0.5227,             0.52068,             0.51446,             0.24578,            0.025252,           0.0068524,            0.026453,           0.0096436,           0.0096436,           0.0096436
                  38,            0.033079,            0.011521,            0.015958,             0.38548,             0.56347,             0.49612,             0.25597,            0.021936,           0.0062945,            0.025989,           0.0096337,           0.0096337,           0.0096337
                  39,            0.032519,            0.010971,            0.015036,             0.50279,             0.65046,             0.50916,              0.2534,            0.022014,           0.0060942,            0.024622,           0.0096238,           0.0096238,           0.0096238
                  40,            0.032423,            0.011544,            0.012776,             0.50358,             0.45952,             0.43666,             0.21352,            0.024943,           0.0062697,            0.032336,           0.0096139,           0.0096139,           0.0096139
                  41,            0.031961,            0.011455,            0.013728,             0.43299,             0.41153,             0.43892,             0.23706,            0.022087,           0.0060084,              0.0427,            0.009604,            0.009604,            0.009604
                  42,            0.032716,             0.01104,            0.016535,               0.433,             0.48741,             0.42702,             0.13691,            0.031861,           0.0056682,            0.038245,           0.0095941,           0.0095941,           0.0095941
                  43,            0.032839,            0.011453,            0.014281,             0.27529,             0.38861,             0.34983,             0.16008,            0.024321,           0.0061038,            0.045496,           0.0095842,           0.0095842,           0.0095842
                  44,            0.031756,            0.011714,            0.013864,             0.33974,             0.37995,             0.37523,             0.15186,            0.025596,           0.0058942,            0.054639,           0.0095743,           0.0095743,           0.0095743
                  45,            0.033334,            0.011781,            0.012062,             0.50722,             0.63499,             0.58478,             0.29878,            0.022352,           0.0060134,            0.027063,           0.0095644,           0.0095644,           0.0095644
                  46,            0.031729,             0.01058,            0.010695,             0.52974,             0.54309,             0.45015,              0.1656,            0.031334,           0.0064595,            0.031567,           0.0095545,           0.0095545,           0.0095545
                  47,            0.032846,            0.011377,            0.014676,             0.31166,             0.21178,             0.16323,            0.060049,            0.042848,           0.0080843,            0.039697,           0.0095446,           0.0095446,           0.0095446
                  48,            0.031402,            0.010762,            0.013174,              0.4992,             0.42898,             0.41113,             0.18468,            0.028183,           0.0067005,            0.032971,           0.0095347,           0.0095347,           0.0095347
                  49,            0.032714,            0.011325,            0.010867,             0.51335,             0.62132,              0.6289,              0.3661,            0.020616,           0.0057046,            0.025354,           0.0095248,           0.0095248,           0.0095248
                  50,             0.03297,            0.011023,            0.012324,             0.61226,             0.55751,             0.60281,             0.32136,            0.021581,           0.0058825,            0.026068,           0.0095149,           0.0095149,           0.0095149
                  51,            0.032168,            0.011605,             0.01163,             0.61005,              0.4497,             0.55496,             0.29896,            0.022302,           0.0059338,            0.026636,            0.009505,            0.009505,            0.009505
                  52,            0.030465,            0.010801,            0.012011,             0.53578,             0.50984,             0.46713,             0.23276,            0.021615,           0.0060513,            0.044397,           0.0094951,           0.0094951,           0.0094951
                  53,            0.029423,            0.011255,            0.012466,             0.48699,             0.43354,              0.4131,             0.18279,            0.025596,           0.0067134,            0.029553,           0.0094852,           0.0094852,           0.0094852
                  54,            0.031336,            0.011305,            0.011781,             0.47785,             0.56934,             0.45045,             0.19794,             0.02662,           0.0061383,            0.029565,           0.0094753,           0.0094753,           0.0094753
                  55,            0.030101,              0.0111,            0.012231,             0.53912,             0.51004,             0.51572,             0.26274,            0.024368,           0.0056193,            0.028284,           0.0094654,           0.0094654,           0.0094654
                  56,              0.0298,            0.012036,            0.010191,             0.62012,             0.52569,             0.54234,             0.27895,            0.023947,           0.0062737,            0.028809,           0.0094555,           0.0094555,           0.0094555
                  57,            0.031297,            0.010893,           0.0096101,             0.48645,             0.51463,             0.41701,             0.19375,            0.025651,           0.0060949,             0.03894,           0.0094456,           0.0094456,           0.0094456
                  58,            0.029689,            0.011171,            0.010764,             0.55536,             0.54698,             0.50475,             0.26396,             0.02409,           0.0056252,            0.041699,           0.0094357,           0.0094357,           0.0094357
                  59,            0.028649,            0.011063,            0.010277,             0.57252,              0.5361,             0.50082,             0.26325,            0.023963,           0.0059073,            0.035107,           0.0094258,           0.0094258,           0.0094258
                  60,            0.031172,            0.011051,               0.013,             0.51421,             0.51227,             0.41346,             0.20984,            0.025771,           0.0058324,            0.045081,           0.0094159,           0.0094159,           0.0094159
                  61,            0.030774,            0.010889,            0.013231,             0.45797,             0.47175,             0.41403,             0.19879,            0.027429,           0.0064194,            0.043372,            0.009406,            0.009406,            0.009406
                  62,            0.030549,            0.011164,            0.010558,             0.70166,             0.50981,             0.60663,             0.31356,            0.022473,           0.0060756,            0.027344,           0.0093961,           0.0093961,           0.0093961
                  63,            0.029478,             0.01108,            0.010455,             0.56344,             0.60757,             0.56127,             0.31078,            0.020627,           0.0060785,            0.030933,           0.0093862,           0.0093862,           0.0093862
                  64,            0.030112,            0.010886,           0.0092989,             0.57335,             0.48308,              0.4748,             0.23468,            0.023101,           0.0060847,            0.030518,           0.0093763,           0.0093763,           0.0093763
                  65,            0.029331,            0.010406,           0.0086497,             0.56724,             0.57873,             0.60593,             0.27377,            0.027529,           0.0053806,            0.021051,           0.0093664,           0.0093664,           0.0093664
                  66,            0.030527,             0.01053,            0.008657,             0.58821,             0.56497,             0.58397,             0.31232,            0.021448,            0.005183,            0.024615,           0.0093565,           0.0093565,           0.0093565
                  67,            0.029807,            0.011077,            0.011515,             0.57022,              0.6102,             0.58275,             0.26953,            0.022913,           0.0053852,            0.033435,           0.0093466,           0.0093466,           0.0093466
                  68,            0.029238,            0.010792,            0.010237,             0.59059,             0.63081,             0.62625,              0.2616,            0.025489,           0.0057099,            0.025977,           0.0093367,           0.0093367,           0.0093367
                  69,            0.030656,            0.010534,            0.009188,             0.46742,             0.67863,             0.57894,             0.28344,            0.023037,           0.0058923,            0.030334,           0.0093268,           0.0093268,           0.0093268
                  70,            0.029375,            0.010866,           0.0092276,             0.45555,             0.64749,             0.59886,             0.32541,            0.022565,           0.0056748,             0.03302,           0.0093169,           0.0093169,           0.0093169
                  71,            0.029704,            0.010298,            0.008857,             0.55453,             0.65174,             0.61296,             0.34869,            0.020418,           0.0056417,              0.0302,            0.009307,            0.009307,            0.009307
                  72,            0.028917,            0.010874,           0.0078713,             0.61517,             0.65789,             0.63738,             0.33524,            0.023083,           0.0053415,            0.024341,           0.0092971,           0.0092971,           0.0092971
                  73,            0.028539,            0.011217,            0.009458,              0.5417,             0.63099,             0.56251,             0.29841,            0.023995,           0.0055981,            0.031104,           0.0092872,           0.0092872,           0.0092872
                  74,            0.027963,            0.010543,           0.0077295,             0.52216,             0.61547,             0.57291,             0.28321,            0.023709,           0.0055845,             0.03042,           0.0092773,           0.0092773,           0.0092773
                  75,            0.027392,            0.010297,           0.0075154,             0.57168,             0.61625,             0.61694,             0.28727,            0.024318,           0.0055714,            0.025354,           0.0092674,           0.0092674,           0.0092674
                  76,            0.030797,            0.010332,            0.010212,             0.65223,             0.59752,             0.60858,             0.25401,            0.027558,           0.0060034,            0.025378,           0.0092575,           0.0092575,           0.0092575
                  77,            0.028971,            0.010007,           0.0080254,             0.50741,              0.6308,             0.58245,             0.27878,            0.021646,             0.00582,              0.0302,           0.0092476,           0.0092476,           0.0092476
                  78,            0.027912,           0.0099129,           0.0083489,             0.57646,             0.62669,             0.60898,             0.32771,            0.020972,           0.0055854,            0.035376,           0.0092377,           0.0092377,           0.0092377
                  79,            0.028555,            0.010463,           0.0090797,             0.61523,             0.66308,             0.63357,              0.3464,            0.021015,           0.0057414,            0.028528,           0.0092278,           0.0092278,           0.0092278
                  80,            0.027212,            0.010518,           0.0085421,             0.51656,             0.62905,               0.651,             0.38055,            0.020595,           0.0061128,            0.027295,           0.0092179,           0.0092179,           0.0092179
                  81,            0.028739,             0.01044,           0.0081177,             0.53327,             0.54004,             0.57609,             0.33678,            0.020979,            0.005975,            0.029309,            0.009208,            0.009208,            0.009208
                  82,            0.028279,            0.010619,            0.010189,             0.74433,             0.54179,              0.6244,             0.38454,            0.020483,           0.0060449,            0.026453,           0.0091981,           0.0091981,           0.0091981
                  83,            0.028607,            0.010035,           0.0089313,             0.64983,              0.5784,             0.61886,             0.35376,            0.021839,           0.0056067,            0.034302,           0.0091882,           0.0091882,           0.0091882
                  84,            0.028572,            0.010424,            0.010792,             0.72512,             0.46848,             0.51407,             0.25638,            0.024061,            0.006093,            0.038293,           0.0091783,           0.0091783,           0.0091783
                  85,            0.028601,            0.010307,           0.0074786,              0.6813,             0.59108,             0.63882,             0.38342,            0.020301,           0.0054531,            0.025586,           0.0091684,           0.0091684,           0.0091684
                  86,            0.029184,            0.010129,           0.0093793,             0.56457,             0.62098,             0.64954,             0.34529,            0.022194,           0.0056453,            0.027246,           0.0091585,           0.0091585,           0.0091585
                  87,            0.027452,            0.010088,           0.0070142,             0.41852,             0.51118,              0.5392,             0.25057,            0.026037,           0.0065641,            0.030908,           0.0091486,           0.0091486,           0.0091486
                  88,            0.026733,           0.0098468,            0.010225,             0.58117,             0.59376,             0.60234,             0.32592,            0.020604,           0.0055981,            0.026892,           0.0091387,           0.0091387,           0.0091387
                  89,            0.027091,             0.01043,           0.0096799,             0.63326,             0.51036,             0.58206,             0.35514,            0.019188,           0.0056305,            0.028894,           0.0091288,           0.0091288,           0.0091288
                  90,            0.027438,            0.010312,           0.0089598,             0.52712,             0.60814,             0.53015,             0.27299,            0.022848,           0.0056446,            0.034033,           0.0091189,           0.0091189,           0.0091189
                  91,            0.027967,            0.010429,           0.0091943,             0.43838,             0.52759,             0.48968,             0.28586,            0.020424,           0.0055447,            0.042261,            0.009109,            0.009109,            0.009109
                  92,            0.027519,           0.0096308,           0.0089228,             0.52892,             0.61782,             0.56388,             0.29717,            0.023237,           0.0051947,            0.031323,           0.0090991,           0.0090991,           0.0090991
                  93,            0.028643,            0.010066,            0.010039,             0.52659,             0.62296,              0.5858,             0.30187,            0.023892,           0.0055981,            0.029211,           0.0090892,           0.0090892,           0.0090892
                  94,            0.027382,           0.0098742,           0.0080328,             0.49085,             0.58913,              0.6075,             0.29181,            0.024376,           0.0058639,            0.032983,           0.0090793,           0.0090793,           0.0090793
                  95,            0.027885,            0.010231,           0.0094514,             0.53875,             0.56235,             0.52743,             0.28373,            0.022256,           0.0055149,            0.044653,           0.0090694,           0.0090694,           0.0090694
                  96,            0.027187,           0.0099223,           0.0095475,              0.4904,             0.62886,             0.53976,             0.23425,            0.025422,           0.0058367,            0.034485,           0.0090595,           0.0090595,           0.0090595
                  97,            0.026519,            0.009847,           0.0083301,             0.50427,             0.56279,             0.51584,              0.2533,            0.023182,           0.0054219,            0.050195,           0.0090496,           0.0090496,           0.0090496
                  98,            0.026947,            0.010619,           0.0078414,             0.68482,             0.43176,             0.49155,              0.2523,            0.022255,           0.0062685,             0.03562,           0.0090397,           0.0090397,           0.0090397
                  99,            0.027774,            0.010115,            0.006844,             0.58751,             0.50834,             0.58949,             0.34705,             0.02087,           0.0056453,            0.030432,           0.0090298,           0.0090298,           0.0090298
                 100,            0.027785,            0.010409,           0.0078773,             0.61138,             0.65552,             0.68842,             0.35595,            0.022268,           0.0052643,            0.022192,           0.0090199,           0.0090199,           0.0090199
                 101,            0.028865,           0.0098777,           0.0067584,             0.63886,             0.61097,             0.66113,             0.28881,            0.024782,           0.0054791,            0.024634,             0.00901,             0.00901,             0.00901
                 102,            0.025913,           0.0093374,           0.0073111,             0.63673,             0.52346,             0.63027,             0.34905,            0.021476,           0.0054371,            0.027698,           0.0090001,           0.0090001,           0.0090001
                 103,             0.02702,           0.0098149,           0.0069608,              0.6714,             0.59176,             0.64084,             0.30957,            0.024323,           0.0058341,            0.030591,           0.0089902,           0.0089902,           0.0089902
                 104,            0.027854,           0.0095176,           0.0081357,              0.7248,             0.63722,             0.67055,             0.33789,            0.021953,            0.005955,            0.033899,           0.0089803,           0.0089803,           0.0089803
                 105,            0.026753,           0.0098892,           0.0074182,             0.74034,             0.63514,              0.7016,             0.37437,            0.023204,           0.0057507,             0.02699,           0.0089704,           0.0089704,           0.0089704
                 106,            0.026462,           0.0093321,           0.0086707,             0.54501,               0.504,             0.50803,             0.24142,            0.023725,           0.0059905,            0.045215,           0.0089605,           0.0089605,           0.0089605
                 107,            0.026921,             0.01023,           0.0073686,             0.66568,             0.47128,             0.51385,             0.27647,            0.021219,           0.0057948,            0.043872,           0.0089506,           0.0089506,           0.0089506
                 108,            0.025744,           0.0094637,           0.0070319,             0.70234,             0.40285,             0.45016,             0.25545,            0.022842,           0.0058341,            0.042383,           0.0089407,           0.0089407,           0.0089407
                 109,             0.02626,           0.0094945,           0.0061012,             0.55878,             0.76334,             0.63991,              0.3408,            0.023211,           0.0055363,            0.023505,           0.0089308,           0.0089308,           0.0089308
                 110,            0.025966,           0.0097617,           0.0060539,             0.58331,             0.56267,             0.56158,             0.28794,            0.023492,            0.006207,            0.033386,           0.0089209,           0.0089209,           0.0089209
                 111,            0.025971,           0.0094547,           0.0065492,             0.54014,              0.6662,             0.65503,              0.3375,            0.022769,            0.005774,            0.030676,            0.008911,            0.008911,            0.008911
                 112,            0.025472,           0.0096354,           0.0060706,             0.53554,             0.65501,              0.6503,             0.35811,            0.020767,           0.0059233,            0.029114,           0.0089011,           0.0089011,           0.0089011
                 113,            0.024019,           0.0095217,           0.0077798,             0.60105,             0.54959,             0.58267,             0.31122,            0.022436,            0.005559,            0.032214,           0.0088912,           0.0088912,           0.0088912
                 114,             0.02578,            0.009302,           0.0062368,             0.57965,             0.68333,              0.6588,             0.32709,            0.023421,           0.0054212,            0.026111,           0.0088813,           0.0088813,           0.0088813
                 115,            0.025891,           0.0097176,            0.007719,              0.5762,             0.63896,             0.64675,             0.34379,            0.021974,           0.0055194,            0.024896,           0.0088714,           0.0088714,           0.0088714
                 116,            0.026666,            0.009488,           0.0084345,             0.63034,             0.55549,             0.65376,             0.35741,            0.021954,           0.0056052,            0.026752,           0.0088615,           0.0088615,           0.0088615
                 117,            0.025873,           0.0093657,           0.0076035,             0.46852,             0.59491,             0.55351,             0.29807,            0.023237,           0.0056374,            0.035388,           0.0088516,           0.0088516,           0.0088516
                 118,            0.025243,           0.0093408,           0.0074094,             0.47322,              0.5989,             0.55635,             0.29568,            0.021621,           0.0056491,            0.036938,           0.0088417,           0.0088417,           0.0088417
                 119,            0.024452,           0.0091352,           0.0061991,             0.64379,             0.64561,             0.65656,             0.37356,            0.021158,           0.0051296,            0.031763,           0.0088318,           0.0088318,           0.0088318
                 120,            0.025728,           0.0098711,           0.0077922,             0.46937,             0.49245,              0.4833,             0.22373,             0.02428,             0.00616,            0.041968,           0.0088219,           0.0088219,           0.0088219
                 121,            0.026415,           0.0097634,            0.008421,             0.64506,             0.55915,             0.63079,             0.34658,            0.021924,           0.0057614,            0.036987,            0.008812,            0.008812,            0.008812
                 122,             0.02652,           0.0097103,           0.0071342,             0.52035,             0.61361,             0.63961,             0.39253,            0.019644,           0.0059161,            0.034583,           0.0088021,           0.0088021,           0.0088021
                 123,            0.025946,           0.0097616,           0.0067428,             0.66006,             0.59636,             0.67534,             0.36508,            0.021816,           0.0055487,            0.027881,           0.0087922,           0.0087922,           0.0087922
                 124,            0.026531,           0.0094898,           0.0058772,             0.49554,             0.67526,             0.66983,             0.35475,            0.022512,           0.0054667,            0.028809,           0.0087823,           0.0087823,           0.0087823
                 125,            0.026152,           0.0088088,           0.0057437,             0.53836,             0.60483,             0.58904,             0.27011,            0.026439,           0.0057747,             0.03905,           0.0087724,           0.0087724,           0.0087724
                 126,            0.026649,           0.0094318,           0.0056709,             0.48098,             0.51801,             0.56267,             0.32432,            0.020987,           0.0055182,            0.044409,           0.0087625,           0.0087625,           0.0087625
                 127,            0.027467,            0.009335,           0.0061621,             0.50842,             0.57434,             0.57604,             0.33469,              0.0206,           0.0055723,            0.042395,           0.0087526,           0.0087526,           0.0087526
                 128,            0.025585,           0.0092999,           0.0062068,              0.4659,             0.61487,             0.60971,              0.3558,            0.020315,           0.0061009,            0.036841,           0.0087427,           0.0087427,           0.0087427
                 129,            0.025276,           0.0096631,           0.0056871,             0.41277,             0.55208,             0.58563,             0.33345,            0.020966,           0.0056167,            0.040137,           0.0087328,           0.0087328,           0.0087328
                 130,            0.025238,           0.0088122,           0.0055202,             0.52987,             0.51572,             0.57147,             0.28999,            0.023006,           0.0056891,            0.038647,           0.0087229,           0.0087229,           0.0087229
                 131,            0.025313,           0.0091818,           0.0072355,             0.52993,               0.549,             0.52656,             0.30398,            0.020049,           0.0057693,            0.040369,            0.008713,            0.008713,            0.008713
                 132,            0.025812,           0.0090008,           0.0075048,              0.5507,             0.58381,              0.5347,             0.33159,            0.018744,           0.0063517,            0.041064,           0.0087031,           0.0087031,           0.0087031
                 133,            0.025097,           0.0094254,           0.0061596,             0.45946,             0.57642,             0.55129,             0.29299,            0.022147,           0.0060818,             0.04873,           0.0086932,           0.0086932,           0.0086932
                 134,            0.024832,           0.0090145,           0.0071394,             0.47416,             0.56756,             0.54637,             0.29137,             0.02362,           0.0058575,            0.039258,           0.0086833,           0.0086833,           0.0086833
                 135,            0.026037,            0.009494,           0.0056976,             0.58765,             0.62051,             0.60162,             0.34104,            0.021372,            0.005666,            0.031934,           0.0086734,           0.0086734,           0.0086734
                 136,            0.024729,           0.0090139,           0.0064741,             0.49506,             0.66328,             0.58303,             0.33026,            0.021126,           0.0059245,            0.032886,           0.0086635,           0.0086635,           0.0086635
                 137,            0.024267,           0.0091672,           0.0078482,             0.64762,             0.54893,             0.59954,             0.34775,            0.021113,            0.005306,            0.035181,           0.0086536,           0.0086536,           0.0086536
                 138,            0.025442,           0.0094092,            0.006013,             0.59473,             0.62444,             0.63556,             0.34034,            0.022012,           0.0054612,            0.032422,           0.0086437,           0.0086437,           0.0086437
                 139,            0.025731,           0.0090733,           0.0069117,             0.66271,             0.55067,              0.6307,             0.36737,            0.020603,           0.0052252,            0.035132,           0.0086338,           0.0086338,           0.0086338
                 140,            0.024858,           0.0090849,           0.0066617,             0.65633,             0.64575,             0.66749,             0.31993,            0.025095,           0.0054238,            0.031555,           0.0086239,           0.0086239,           0.0086239
                 141,            0.025566,            0.009345,           0.0068947,             0.65401,             0.57972,             0.65148,             0.37438,             0.02282,           0.0058386,            0.032568,            0.008614,            0.008614,            0.008614
                 142,            0.023639,           0.0088009,           0.0053972,             0.51075,             0.59178,             0.58199,              0.3383,             0.02088,           0.0060089,            0.037805,           0.0086041,           0.0086041,           0.0086041
                 143,            0.024511,           0.0090162,           0.0051514,             0.61975,             0.55879,             0.62278,             0.35725,            0.022104,           0.0056806,            0.034839,           0.0085942,           0.0085942,           0.0085942
                 144,            0.025197,           0.0090549,           0.0049785,             0.68012,             0.52651,             0.63235,             0.36756,             0.02055,           0.0059054,            0.030786,           0.0085843,           0.0085843,           0.0085843
                 145,            0.024257,           0.0094188,           0.0047908,              0.5247,             0.70124,             0.61846,             0.37878,            0.020498,           0.0056448,            0.028009,           0.0085744,           0.0085744,           0.0085744
                 146,            0.024563,           0.0093353,           0.0054156,             0.50297,             0.60051,             0.61002,             0.35088,            0.021495,           0.0054443,            0.033069,           0.0085645,           0.0085645,           0.0085645
                 147,            0.024328,           0.0091044,           0.0056788,             0.66258,             0.54691,              0.6444,             0.36638,            0.021993,           0.0055056,            0.029895,           0.0085546,           0.0085546,           0.0085546
                 148,            0.023816,           0.0092017,           0.0049166,             0.56453,             0.66483,             0.62337,              0.3088,            0.023934,            0.005579,            0.030237,           0.0085447,           0.0085447,           0.0085447
                 149,            0.023244,            0.008717,           0.0044843,             0.56222,             0.69977,             0.62805,             0.30985,             0.02343,           0.0062361,            0.032336,           0.0085348,           0.0085348,           0.0085348
                 150,            0.023721,           0.0087738,           0.0056694,              0.5308,             0.60937,             0.59954,             0.31793,             0.02236,           0.0057847,            0.035327,           0.0085249,           0.0085249,           0.0085249
                 151,            0.024254,           0.0090663,           0.0051794,             0.65733,             0.53858,             0.60317,             0.36362,            0.019852,             0.00562,            0.033997,            0.008515,            0.008515,            0.008515
                 152,            0.025019,           0.0092669,           0.0058458,             0.56218,             0.61535,             0.60309,             0.36037,             0.02001,           0.0058343,            0.037085,           0.0085051,           0.0085051,           0.0085051
                 153,            0.024983,           0.0093017,           0.0054796,             0.58075,             0.66491,             0.64486,             0.37055,            0.021126,            0.006192,            0.039966,           0.0084952,           0.0084952,           0.0084952
                 154,            0.025224,           0.0088511,           0.0062562,             0.59254,             0.54134,             0.59032,             0.27644,             0.02499,           0.0062032,            0.037085,           0.0084853,           0.0084853,           0.0084853
                 155,            0.023565,           0.0091743,           0.0053617,             0.66367,             0.58776,             0.61474,             0.34005,            0.020751,           0.0060837,            0.034741,           0.0084754,           0.0084754,           0.0084754
                 156,            0.023558,           0.0089271,           0.0058877,             0.68936,             0.62035,             0.65826,             0.39516,            0.019023,           0.0060258,            0.033936,           0.0084655,           0.0084655,           0.0084655
                 157,            0.023729,           0.0087455,            0.004676,             0.60673,             0.66844,             0.66409,             0.40312,            0.018734,           0.0060186,            0.035168,           0.0084556,           0.0084556,           0.0084556
                 158,            0.024472,           0.0084187,           0.0047876,             0.61121,             0.59943,             0.60203,             0.36074,            0.019801,           0.0060084,            0.034009,           0.0084457,           0.0084457,           0.0084457
                 159,            0.023595,            0.008899,           0.0039088,             0.53782,             0.67988,             0.64314,             0.36112,            0.021651,           0.0058987,            0.029871,           0.0084358,           0.0084358,           0.0084358
                 160,            0.023671,           0.0089436,           0.0035536,             0.59569,             0.59376,             0.62164,             0.31116,            0.024058,           0.0062113,            0.040527,           0.0084259,           0.0084259,           0.0084259
                 161,             0.02437,           0.0085071,           0.0042442,             0.61989,             0.67212,             0.67012,             0.36754,            0.021373,           0.0057621,             0.02821,            0.008416,            0.008416,            0.008416
                 162,            0.025104,           0.0086482,           0.0037728,             0.67697,             0.58855,              0.6755,             0.42519,            0.018695,           0.0055101,            0.033154,           0.0084061,           0.0084061,           0.0084061
                 163,            0.026339,            0.008945,            0.008365,             0.57634,             0.66902,             0.65638,             0.37008,            0.020939,           0.0055003,            0.030249,           0.0083962,           0.0083962,           0.0083962
                 164,            0.024591,           0.0089143,           0.0057778,             0.48347,             0.52694,              0.5599,             0.29823,            0.022377,           0.0056469,            0.038489,           0.0083863,           0.0083863,           0.0083863
                 165,            0.022386,           0.0088528,           0.0047266,             0.54817,             0.56996,             0.63168,             0.36615,            0.020842,           0.0054693,            0.037036,           0.0083764,           0.0083764,           0.0083764
                 166,            0.023373,           0.0089119,           0.0061014,             0.60297,             0.51924,             0.58792,             0.32603,            0.022011,           0.0054991,            0.040149,           0.0083665,           0.0083665,           0.0083665
                 167,            0.022822,           0.0085602,           0.0054344,              0.5428,             0.48711,             0.45958,             0.20015,            0.026604,           0.0065777,             0.04408,           0.0083566,           0.0083566,           0.0083566
                 168,            0.025784,           0.0087681,           0.0081686,             0.55357,             0.63506,             0.62346,             0.36432,            0.020773,           0.0056839,            0.032581,           0.0083467,           0.0083467,           0.0083467
                 169,            0.022599,           0.0094366,           0.0052044,             0.54716,             0.71725,             0.66446,             0.35704,            0.021458,           0.0059235,            0.027917,           0.0083368,           0.0083368,           0.0083368
                 170,            0.023759,           0.0090117,           0.0061917,             0.55145,             0.67023,             0.63807,             0.35146,            0.022134,            0.005688,            0.031165,           0.0083269,           0.0083269,           0.0083269
                 171,              0.0227,           0.0088969,            0.004363,              0.6165,             0.60301,             0.64797,             0.33319,            0.022764,           0.0057998,            0.035168,            0.008317,            0.008317,            0.008317
                 172,            0.023377,           0.0087585,           0.0047179,              0.4942,             0.61822,             0.59459,              0.3345,            0.021585,            0.005765,            0.039514,           0.0083071,           0.0083071,           0.0083071
                 173,            0.024057,           0.0085166,           0.0039988,             0.73014,             0.52364,             0.60843,             0.33371,            0.022232,           0.0063324,            0.029993,           0.0082972,           0.0082972,           0.0082972
                 174,            0.022851,           0.0085402,            0.004206,             0.54605,             0.59357,             0.61047,             0.35792,            0.020411,           0.0061021,             0.03407,           0.0082873,           0.0082873,           0.0082873
                 175,            0.024059,           0.0086215,           0.0059281,              0.6425,             0.43477,             0.47004,             0.24801,            0.022909,            0.006372,            0.045203,           0.0082774,           0.0082774,           0.0082774
                 176,            0.023012,           0.0087166,           0.0063573,             0.46482,             0.68563,             0.61118,             0.30126,            0.022832,           0.0061193,             0.03125,           0.0082675,           0.0082675,           0.0082675
                 177,            0.022496,           0.0088108,           0.0046554,             0.54789,             0.62611,             0.63711,             0.37481,            0.019657,           0.0058341,            0.038599,           0.0082576,           0.0082576,           0.0082576
                 178,            0.023122,            0.008862,            0.005797,             0.69517,             0.62039,             0.64949,             0.37702,            0.021144,           0.0057747,            0.035742,           0.0082477,           0.0082477,           0.0082477
                 179,            0.023622,           0.0085934,           0.0039444,             0.61855,             0.64851,             0.66025,             0.37652,            0.021775,           0.0059643,            0.035339,           0.0082378,           0.0082378,           0.0082378
                 180,            0.023078,           0.0083287,           0.0047608,             0.61615,             0.67987,             0.69732,             0.36911,            0.022167,           0.0057073,             0.03252,           0.0082279,           0.0082279,           0.0082279
                 181,            0.022989,           0.0083909,           0.0045441,              0.6416,             0.66539,             0.68278,             0.37082,            0.021386,           0.0059967,            0.028076,            0.008218,            0.008218,            0.008218
                 182,            0.022178,           0.0082435,           0.0055346,              0.5781,             0.63017,             0.63483,              0.3431,            0.022963,           0.0057714,             0.03125,           0.0082081,           0.0082081,           0.0082081
                 183,            0.024234,           0.0085343,           0.0039305,             0.64972,             0.58008,             0.60066,             0.33296,             0.02329,           0.0062964,            0.033472,           0.0081982,           0.0081982,           0.0081982
                 184,            0.023184,           0.0086646,            0.003986,             0.60474,             0.64307,             0.59755,             0.35602,            0.020286,            0.006073,            0.032837,           0.0081883,           0.0081883,           0.0081883
                 185,            0.022163,           0.0085033,            0.005372,             0.54565,              0.5738,             0.62695,             0.36252,            0.021142,           0.0060854,             0.03385,           0.0081784,           0.0081784,           0.0081784
                 186,             0.02179,           0.0089232,           0.0051071,             0.42931,             0.63095,             0.55502,              0.2891,             0.02245,           0.0059721,             0.04209,           0.0081685,           0.0081685,           0.0081685
                 187,            0.022225,           0.0086101,           0.0048604,             0.56069,             0.59705,             0.59501,             0.30715,            0.022596,           0.0059323,             0.03407,           0.0081586,           0.0081586,           0.0081586
                 188,             0.02189,            0.008499,           0.0038421,             0.54732,             0.72998,                0.68,             0.38149,            0.021019,           0.0056067,            0.027789,           0.0081487,           0.0081487,           0.0081487
                 189,            0.023683,           0.0090009,           0.0049753,             0.52669,              0.6539,             0.64835,             0.33717,            0.022372,           0.0058243,            0.033521,           0.0081388,           0.0081388,           0.0081388
                 190,            0.022947,           0.0079666,           0.0048232,             0.56827,             0.66132,             0.64221,             0.34205,            0.022559,           0.0059626,            0.028662,           0.0081289,           0.0081289,           0.0081289
                 191,            0.022945,           0.0087241,           0.0050832,             0.58339,             0.60508,             0.63884,             0.35338,            0.021649,           0.0063789,            0.029175,            0.008119,            0.008119,            0.008119
                 192,            0.022884,           0.0082532,           0.0030824,             0.63895,             0.61383,             0.68227,             0.37762,            0.021584,           0.0060267,            0.031079,           0.0081091,           0.0081091,           0.0081091
                 193,            0.022907,           0.0078511,           0.0030457,             0.60797,             0.61708,             0.63087,               0.337,            0.022617,           0.0063052,            0.034155,           0.0080992,           0.0080992,           0.0080992
                 194,            0.022513,           0.0082115,           0.0047325,             0.52946,             0.64649,             0.64358,             0.37845,            0.020333,           0.0061266,            0.029443,           0.0080893,           0.0080893,           0.0080893
                 195,            0.023109,           0.0085211,           0.0044845,             0.51754,             0.61448,             0.58604,             0.35028,            0.020713,            0.006216,            0.034741,           0.0080794,           0.0080794,           0.0080794
                 196,            0.022175,           0.0082336,           0.0040983,             0.57023,             0.61372,             0.62398,             0.37696,            0.019362,           0.0058036,               0.038,           0.0080695,           0.0080695,           0.0080695
                 197,            0.022609,           0.0080122,           0.0045998,              0.6965,             0.56021,             0.63514,             0.37194,            0.020453,           0.0060272,            0.029504,           0.0080596,           0.0080596,           0.0080596
                 198,            0.021945,           0.0086213,           0.0052671,             0.54404,             0.59924,             0.63075,             0.37133,            0.020175,           0.0059946,            0.030103,           0.0080497,           0.0080497,           0.0080497
                 199,            0.020991,           0.0083846,           0.0038458,             0.56314,             0.65095,              0.6358,             0.35605,            0.020974,           0.0059314,            0.030103,           0.0080398,           0.0080398,           0.0080398
                 200,             0.02191,           0.0084718,           0.0046574,             0.70183,             0.55336,             0.65358,             0.37995,            0.020743,           0.0056341,            0.029895,           0.0080299,           0.0080299,           0.0080299
                 201,            0.021842,           0.0081939,           0.0027068,             0.57171,             0.66626,             0.63932,               0.358,            0.021962,           0.0060167,            0.034509,             0.00802,             0.00802,             0.00802
                 202,            0.022592,           0.0084289,           0.0050349,             0.59898,              0.6059,             0.64803,             0.34992,            0.022099,           0.0061638,            0.031531,           0.0080101,           0.0080101,           0.0080101
                 203,            0.022618,           0.0082382,           0.0054478,             0.61752,             0.63407,             0.63037,             0.29586,            0.024434,            0.006175,            0.038623,           0.0080002,           0.0080002,           0.0080002
                 204,            0.022901,            0.008256,           0.0049398,              0.5079,             0.58779,             0.57609,             0.28627,            0.023296,           0.0060427,            0.034058,           0.0079903,           0.0079903,           0.0079903
                 205,            0.022124,           0.0081717,           0.0039074,             0.54984,             0.63269,             0.62408,             0.33615,            0.022505,           0.0063193,            0.031006,           0.0079804,           0.0079804,           0.0079804
                 206,            0.023468,           0.0079809,           0.0036141,             0.53243,             0.62895,             0.61515,             0.33186,            0.021596,           0.0059309,            0.034021,           0.0079705,           0.0079705,           0.0079705
                 207,            0.022594,           0.0086203,           0.0054913,             0.68882,             0.51966,             0.60863,             0.32526,            0.023206,           0.0062668,            0.031042,           0.0079606,           0.0079606,           0.0079606
                 208,             0.02124,           0.0081441,            0.003158,             0.80196,             0.51574,             0.64481,             0.39032,            0.019372,           0.0063915,            0.031433,           0.0079507,           0.0079507,           0.0079507
                 209,            0.022967,           0.0087728,           0.0033167,             0.48752,             0.62499,             0.57984,             0.32275,            0.020865,           0.0060349,            0.037622,           0.0079408,           0.0079408,           0.0079408
                 210,              0.0219,           0.0077584,            0.004558,             0.50096,             0.65324,             0.55728,             0.33614,            0.018373,           0.0063765,            0.039478,           0.0079309,           0.0079309,           0.0079309
                 211,            0.021797,           0.0084525,           0.0047966,               0.459,             0.62934,             0.60263,             0.37698,             0.01835,           0.0058467,            0.039026,            0.007921,            0.007921,            0.007921
                 212,            0.023471,           0.0081051,           0.0046415,             0.56608,             0.58871,             0.61606,             0.37917,            0.019366,           0.0062213,            0.031763,           0.0079111,           0.0079111,           0.0079111
                 213,            0.022114,           0.0084319,           0.0034448,             0.61254,             0.59111,             0.61365,             0.35586,            0.021183,           0.0063353,            0.030469,           0.0079012,           0.0079012,           0.0079012
                 214,            0.021435,           0.0083588,           0.0047377,             0.66498,             0.56754,             0.63517,             0.37634,             0.02077,           0.0063016,            0.035083,           0.0078913,           0.0078913,           0.0078913
                 215,            0.021816,           0.0079008,           0.0041214,             0.52958,             0.69358,             0.63129,             0.35324,            0.021611,           0.0063157,            0.029883,           0.0078814,           0.0078814,           0.0078814
                 216,            0.022928,           0.0085709,           0.0037879,             0.61457,             0.69488,             0.68847,             0.38364,            0.020928,           0.0064094,            0.025549,           0.0078715,           0.0078715,           0.0078715
                 217,             0.02114,           0.0085948,           0.0027906,             0.67945,             0.61041,             0.65031,             0.33591,            0.022371,           0.0066345,            0.031616,           0.0078616,           0.0078616,           0.0078616
                 218,            0.020776,           0.0085623,           0.0022677,             0.60074,              0.6673,             0.67786,             0.36306,            0.022553,           0.0058103,             0.03031,           0.0078517,           0.0078517,           0.0078517
                 219,            0.021148,             0.00809,           0.0030646,             0.68645,             0.62896,              0.6516,             0.33584,            0.022721,           0.0060534,            0.028345,           0.0078418,           0.0078418,           0.0078418
                 220,            0.021796,           0.0080684,           0.0029736,             0.56574,             0.75006,              0.6794,             0.37706,            0.020767,           0.0061059,            0.025378,           0.0078319,           0.0078319,           0.0078319
                 221,            0.022201,           0.0080859,           0.0029439,             0.58941,             0.66965,             0.65256,              0.3427,            0.020858,           0.0060811,            0.033533,            0.007822,            0.007822,            0.007822
                 222,            0.021308,           0.0079002,           0.0050735,             0.56285,             0.64712,             0.62535,             0.33227,            0.021605,           0.0060101,            0.030115,           0.0078121,           0.0078121,           0.0078121
                 223,            0.021797,           0.0082804,           0.0050714,              0.6215,             0.59977,             0.62049,             0.32915,            0.022942,           0.0064225,            0.033215,           0.0078022,           0.0078022,           0.0078022
                 224,            0.021408,           0.0080445,           0.0045467,             0.56512,             0.61066,              0.6406,             0.31542,            0.024623,           0.0057969,            0.033276,           0.0077923,           0.0077923,           0.0077923
                 225,            0.021518,            0.008266,           0.0055042,             0.50737,             0.70456,             0.65864,             0.34097,            0.023175,           0.0058653,            0.032532,           0.0077824,           0.0077824,           0.0077824
                 226,              0.0228,            0.007971,           0.0045931,             0.54014,             0.68682,             0.64198,              0.3631,             0.02157,           0.0061827,            0.035876,           0.0077725,           0.0077725,           0.0077725
                 227,            0.022474,           0.0080831,           0.0045414,             0.78134,             0.56266,             0.68175,             0.37995,            0.021402,           0.0059221,            0.031079,           0.0077626,           0.0077626,           0.0077626
                 228,            0.021896,           0.0083088,           0.0038011,             0.75718,             0.56455,             0.68405,             0.37184,            0.021826,           0.0059311,            0.029712,           0.0077527,           0.0077527,           0.0077527
                 229,            0.020972,           0.0084161,           0.0028504,             0.62608,             0.61288,             0.67126,             0.38128,            0.021755,           0.0060444,            0.035059,           0.0077428,           0.0077428,           0.0077428
                 230,            0.021088,           0.0079612,           0.0038011,             0.64909,             0.56067,             0.64692,             0.37951,            0.020017,           0.0061502,             0.03396,           0.0077329,           0.0077329,           0.0077329
                 231,            0.021363,           0.0082901,           0.0032988,             0.57449,             0.56022,             0.61628,             0.37531,            0.018884,           0.0059123,               0.037,            0.007723,            0.007723,            0.007723
                 232,            0.021273,           0.0082223,           0.0034093,             0.71256,             0.48674,             0.59067,             0.37105,            0.018572,           0.0061948,             0.03905,           0.0077131,           0.0077131,           0.0077131
                 233,             0.02214,           0.0082108,           0.0042285,             0.68216,             0.53453,             0.59028,             0.33711,            0.020824,             0.00647,            0.042871,           0.0077032,           0.0077032,           0.0077032
                 234,            0.023583,           0.0082239,           0.0038596,             0.59242,             0.57979,             0.63079,              0.3525,            0.021006,           0.0062971,             0.03313,           0.0076933,           0.0076933,           0.0076933
                 235,            0.021228,           0.0079376,           0.0034214,             0.48018,             0.66501,             0.62793,             0.37039,            0.020185,           0.0062733,            0.031946,           0.0076834,           0.0076834,           0.0076834
                 236,             0.02373,           0.0079806,           0.0042408,             0.77087,             0.52122,             0.64456,             0.36725,            0.020434,            0.006397,            0.033276,           0.0076735,           0.0076735,           0.0076735
                 237,            0.021675,           0.0086911,            0.003571,             0.54914,             0.66834,             0.65163,             0.36387,            0.021212,           0.0063591,            0.035889,           0.0076636,           0.0076636,           0.0076636
                 238,            0.021674,           0.0074877,           0.0028426,             0.66803,              0.5769,              0.6628,             0.36257,            0.022218,            0.006212,            0.032886,           0.0076537,           0.0076537,           0.0076537
                 239,            0.021878,           0.0079866,           0.0029526,             0.68571,               0.581,             0.64755,             0.34932,            0.021156,           0.0061657,            0.031091,           0.0076438,           0.0076438,           0.0076438
                 240,            0.020696,           0.0077095,           0.0033089,             0.68187,             0.55587,             0.65164,             0.38053,            0.020429,           0.0060215,             0.03374,           0.0076339,           0.0076339,           0.0076339
                 241,            0.021255,           0.0083212,           0.0025409,             0.50012,             0.56815,             0.56978,             0.29602,            0.021917,           0.0063732,            0.039404,            0.007624,            0.007624,            0.007624
                 242,            0.019859,           0.0079463,           0.0035615,             0.70594,             0.47362,             0.59191,             0.32415,            0.021338,           0.0064731,            0.034912,           0.0076141,           0.0076141,           0.0076141
                 243,            0.020684,            0.007757,           0.0037535,             0.54414,             0.63645,             0.62744,              0.3495,            0.020483,           0.0062163,            0.032715,           0.0076042,           0.0076042,           0.0076042
                 244,            0.021341,           0.0078669,            0.003629,              0.6242,             0.59033,             0.64535,             0.35036,            0.020268,           0.0065145,            0.032178,           0.0075943,           0.0075943,           0.0075943
                 245,            0.020604,           0.0077214,           0.0026573,             0.67159,             0.56029,             0.65199,             0.38799,            0.019039,           0.0067043,            0.032385,           0.0075844,           0.0075844,           0.0075844
                 246,            0.019806,           0.0079198,           0.0025664,              0.4947,             0.55964,             0.54934,             0.34256,              0.0179,           0.0068562,            0.038757,           0.0075745,           0.0075745,           0.0075745
                 247,            0.021222,           0.0083674,           0.0034414,             0.59707,             0.47571,             0.54464,             0.32862,            0.018784,           0.0067122,            0.039648,           0.0075646,           0.0075646,           0.0075646
                 248,            0.020682,           0.0077283,           0.0034295,             0.62547,              0.6213,              0.5973,             0.34238,            0.021952,           0.0059595,            0.035168,           0.0075547,           0.0075547,           0.0075547
                 249,            0.021471,           0.0079772,           0.0037539,             0.51029,             0.63595,             0.57906,             0.32007,            0.022424,           0.0059099,             0.04032,           0.0075448,           0.0075448,           0.0075448
                 250,            0.021635,           0.0082455,           0.0045485,              0.5871,             0.58551,             0.61638,             0.31305,            0.024403,           0.0058632,            0.039514,           0.0075349,           0.0075349,           0.0075349
                 251,            0.020219,           0.0079759,           0.0044172,             0.45319,             0.62058,             0.60949,             0.28643,            0.023718,           0.0061078,            0.039307,            0.007525,            0.007525,            0.007525
                 252,            0.019557,           0.0085457,            0.002814,             0.60257,             0.54201,             0.61879,             0.30664,            0.023336,           0.0061514,            0.038208,           0.0075151,           0.0075151,           0.0075151
                 253,            0.019879,           0.0077416,           0.0025684,             0.48118,             0.62035,             0.61415,             0.34251,             0.02086,           0.0064352,            0.040576,           0.0075052,           0.0075052,           0.0075052
                 254,            0.021094,           0.0077427,           0.0038657,             0.47755,             0.64507,             0.62127,             0.32194,            0.022466,           0.0064149,            0.037976,           0.0074953,           0.0074953,           0.0074953
                 255,            0.021636,           0.0076714,           0.0027886,             0.55828,             0.59895,             0.62825,             0.32608,            0.022883,           0.0062041,              0.0354,           0.0074854,           0.0074854,           0.0074854
                 256,            0.020852,           0.0081548,           0.0043658,             0.50563,             0.58163,             0.61194,             0.35185,            0.021509,           0.0062971,            0.036755,           0.0074755,           0.0074755,           0.0074755
                 257,            0.020353,           0.0080137,            0.002295,             0.44751,             0.66053,             0.58518,             0.34244,            0.021395,           0.0061522,               0.038,           0.0074656,           0.0074656,           0.0074656
                 258,            0.019719,           0.0078294,           0.0041193,             0.49452,             0.58855,             0.55478,             0.32114,            0.021547,           0.0063143,            0.036182,           0.0074557,           0.0074557,           0.0074557
                 259,            0.020016,           0.0076923,           0.0030124,             0.49407,             0.65331,             0.57952,             0.33264,            0.020842,           0.0063572,            0.033521,           0.0074458,           0.0074458,           0.0074458
                 260,            0.020244,           0.0079972,           0.0037449,             0.64717,             0.58945,             0.60905,             0.32987,            0.021397,           0.0064697,            0.033704,           0.0074359,           0.0074359,           0.0074359
                 261,            0.021079,           0.0083372,           0.0033931,             0.50832,             0.53189,             0.55172,             0.33003,            0.020615,           0.0061352,            0.037488,            0.007426,            0.007426,            0.007426
                 262,            0.020215,            0.007682,           0.0047015,             0.46521,             0.49098,             0.52837,             0.31082,            0.020376,           0.0062964,            0.042676,           0.0074161,           0.0074161,           0.0074161
